{"plate_q_kw": 0.882222, "fuel_scfh": 7.101219, "water_gph": 6.0, "oxygen_scfh": 12.871094, "periods": 10, "b2": -11.098687914616056, "b3": 9.2956648933351254, "ratio_fto": 0.551718, "air_psig": 20.0, "Vtest1": 3.0, "Vtest2": 9.5, "cool_thigh_c": 46.499299, "standoff_in": 0.233, "Imeas2": 17.574446076249998, "Imeas1": 12.963185010865386, "Vwindow": 0.2, "plate_t_c": 547.221309, "R1": 0.12036994741028831, "R2": 0.041775922794484631, "R3": 0.98576643536701181, "I": 