{"plate_q_kw": 0.96863, "fuel_scfh": 7.112937, "water_gph": 5.5, "oxygen_scfh": 12.773438, "periods": 10, "b2": -12.61623019154583, "b3": 9.1500352098078253, "ratio_fto": 0.556854, "air_psig": 20.0, "Vtest1": 3.0, "Vtest2": 9.5, "cool_thigh_c": 51.553544, "standoff_in": 0.233, "Imeas2": 18.333968144182691, "Imeas1": 13.22279878360577, "Vwindow": 0.2, "plate_t_c": 500.80399, "R1": 0.1214869825872003, "R2": 0.04080057766276915, "R3": 0.91567597853888538, "I": 