{"plate_q_kw": 0.470497, "fuel_scfh": 7.159812, "water_gph": 2.0, "oxygen_scfh": 12.734375, "periods": 10, "b2": -11.718506418728339, "b3": 10.089812820232595, "ratio_fto": 0.562243, "air_psig": 20.0, "Vtest1": 3.0, "Vtest2": 9.5, "cool_thigh_c": 55.324175, "standoff_in": 0.233, "Imeas2": 19.589566016201921, "Imeas1": 13.991520286490386, "Vwindow": 0.2, "plate_t_c": 704.232319, "R1": 0.12051291873515352, "R2": 0.039039611095769554, "R3": 0.90894832511841728, "I": 