{"plate_q_kw": 0.897392, "fuel_scfh": 7.112937, "water_gph": 5.5, "oxygen_scfh": 12.871094, "periods": 10, "b2": -12.568105350733571, "b3": 9.9860610149414768, "ratio_fto": 0.552629, "air_psig": 20.0, "Vtest1": 3.0, "Vtest2": 9.5, "cool_thigh_c": 45.547, "standoff_in": 0.233, "Imeas2": 19.918338413750003, "Imeas1": 13.814560652836541, "Vwindow": 0.2, "plate_t_c": 582.922537, "R1": 0.11863829850453943, "R2": 0.038018809018665237, "R3": 0.89753775997169882, "I": 