{"plate_q_kw": 0.781604, "fuel_scfh": 7.101219, "water_gph": 3.5, "oxygen_scfh": 12.929688, "periods": 10, "b2": -16.806270789491368, "b3": 9.5171108462034439, "ratio_fto": 0.549218, "air_psig": 20.0, "Vtest1": 3.0, "Vtest2": 9.5, "cool_thigh_c": 55.602258, "standoff_in": 0.233, "Imeas2": 19.110512394903846, "Imeas1": 13.333823550961537, "Vwindow": 0.2, "plate_t_c": 315.223195, "R1": 0.11899175572133507, "R2": 0.038051670293604921, "R3": 0.90829495772060465, "I": 