{"plate_q_kw": 1.180708, "fuel_scfh": 7.101219, "water_gph": 8.0, "oxygen_scfh": 12.792969, "periods": 10, "b2": -10.034885848967301, "b3": 9.4980400786439301, "ratio_fto": 0.555088, "air_psig": 20.0, "Vtest1": 3.0, "Vtest2": 9.5, "cool_thigh_c": 43.567914, "standoff_in": 0.233, "Imeas2": 18.608150722884616, "Imeas1": 13.554331351442308, "Vwindow": 0.2, "plate_t_c": 95.682192, "R1": 0.12014164689107974, "R2": 0.036267622418896105, "R3": 0.93190961880078971, "I": 