{"plate_q_kw": 1.065916, "fuel_scfh": 7.112937, "water_gph": 5.6, "oxygen_scfh": 12.871094, "periods": 10, "b2": -14.98832828991238, "b3": 9.8061504101447134, "ratio_fto": 0.552629, "air_psig": 20.0, "Vtest1": 3.0, "Vtest2": 9.5, "cool_thigh_c": 50.984629, "standoff_in": 0.233, "Imeas2": 19.09609989826923, "Imeas1": 13.318641158076922, "Vwindow": 0.2, "plate_t_c": 455.823477, "R1": 0.11959887871117512, "R2": 0.039867318040942241, "R3": 0.91638852062407561, "I": 