{"plate_q_kw": 0.795853, "fuel_scfh": 7.101219, "water_gph": 5.0, "oxygen_scfh": 12.910156, "periods": 10, "b2": -10.96773325640671, "b3": 9.2022672391110234, "ratio_fto": 0.550049, "air_psig": 20.0, "Vtest1": 3.0, "Vtest2": 9.5, "cool_thigh_c": 48.057482, "standoff_in": 0.233, "Imeas2": 17.608490927259616, "Imeas1": 12.713692024326921, "Vwindow": 0.2, "plate_t_c": 605.764116, "R1": 0.12062706503500124, "R2": 0.042799336469883077, "R3": 0.99767966054833535, "I": 