{"plate_q_kw": 0.713807, "fuel_scfh": 7.148094, "water_gph": 4.0, "oxygen_scfh": 12.871094, "periods": 10, "b2": -12.663497885820551, "b3": 10.089020392111914, "ratio_fto": 0.55536, "air_psig": 20.0, "Vtest1": 3.0, "Vtest2": 9.5, "cool_thigh_c": 47.843534, "standoff_in": 0.233, "Imeas2": 19.520099627067307, "Imeas1": 14.063227900047167, "Vwindow": 0.2, "plate_t_c": 641.546613, "R1": 0.11905486662591298, "R2": 0.038268456323387622, "R3": 0.88899563873254894, "I": 