{"plate_q_kw": 0.77058, "fuel_scfh": 7.136375, "water_gph": 3.5, "oxygen_scfh": 12.910156, "periods": 10, "b2": -13.553164411873141, "b3": 9.6015818088584197, "ratio_fto": 0.552772, "air_psig": 20.0, "Vtest1": 3.0, "Vtest2": 9.5, "cool_thigh_c": 54.76848, "standoff_in": 0.233, "Imeas2": 18.592662992836537, "Imeas1": 13.611530856442307, "Vwindow": 0.2, "plate_t_c": 299.776742, "R1": 0.11845007078020464, "R2": 0.036333533570943433, "R3": 0.93078557437977938, "I": 