{"plate_q_kw": 0.910017, "fuel_scfh": 7.136375, "water_gph": 6.0, "oxygen_scfh": 12.753906, "periods": 10, "b2": -12.513007884987555, "b3": 10.398940637288899, "ratio_fto": 0.559544, "air_psig": 20.0, "Vtest1": 3.0, "Vtest2": 9.5, "cool_thigh_c": 45.129011, "standoff_in": 0.233, "Imeas2": 18.393927819471152, "Imeas1": 13.546121951886789, "Vwindow": 0.2, "plate_t_c": 529.686085, "R1": 0.12108889344447964, "R2": 0.041194906942673852, "R3": 1.0429770663704725, "I": 