{"plate_q_kw": 0.969292, "fuel_scfh": 7.112937, "water_gph": 6.0, "oxygen_scfh": 12.871094, "periods": 10, "b2": -15.856449453430072, "b3": 8.7097075678230595, "ratio_fto": 0.552629, "air_psig": 20.0, "Vtest1": 3.0, "Vtest2": 9.5, "cool_thigh_c": 50.48288, "standoff_in": 0.233, "Imeas2": 17.32019973278846, "Imeas1": 11.747613354103771, "Vwindow": 0.2, "plate_t_c": 299.3983, "R1": 0.12118758992279301, "R2": 0.042439040007495765, "R3": 1.0290189776573242, "I": 