{"plate_q_kw": 1.341301, "fuel_scfh": 8.929344, "water_gph": 8.5, "oxygen_scfh": 16.132812, "periods": 10, "b2": -19.516136221014385, "b3": 12.180078777729275, "ratio_fto": 0.55349, "air_psig": 20.0, "Vtest1": 3.0, "Vtest2": 9.5, "cool_thigh_c": 49.924834, "standoff_in": 0.233, "Imeas2": 26.079621502259613, "Imeas1": 17.229266539134617, "Vwindow": 0.2, "plate_t_c": 292.971002, "R1": 0.12337620398817332, "R2": 0.036391292501928608, "R3": 0.62986427998845917, "I": 