{"plate_q_kw": 1.27183, "fuel_scfh": 9.843406, "water_gph": 7.0, "oxygen_scfh": 17.792969, "periods": 10, "b2": -20.059066807275507, "b3": 13.701287789027262, "ratio_fto": 0.553219, "air_psig": 20.0, "Vtest1": 3.0, "Vtest2": 9.5, "cool_thigh_c": 53.581511, "standoff_in": 0.233, "Imeas2": 30.650554275865382, "Imeas1": 19.883988225576921, "Vwindow": 0.2, "plate_t_c": 278.796667, "R1": 0.12652952967431377, "R2": 0.034465644295209381, "R3": 0.51985408150266621, "I": 