{"plate_q_kw": 0.750499, "fuel_scfh": 8.273094, "water_gph": 3.9, "oxygen_scfh": 11.777344, "periods": 10, "b2": -9.087918940331857, "b3": 8.3999681596649971, "ratio_fto": 0.702458, "air_psig": 20.0, "Vtest1": 3.0, "Vtest2": 9.5, "cool_thigh_c": 53.215955, "standoff_in": 0.233, "Imeas2": 18.205160521009617, "Imeas1": 11.837474849759614, "Vwindow": 0.2, "plate_t_c": 307.324903, "R1": 0.273738745854192, "R2": 0.079004271688838293, "R3": 0.89381195927313029, "I": 