{"plate_q_kw": 1.109797, "fuel_scfh": 8.003562, "water_gph": 6.5, "oxygen_scfh": 14.53125, "periods": 10, "b2": -18.363069577521117, "b3": 10.280522899163721, "ratio_fto": 0.550783, "air_psig": 20.0, "Vtest1": 3.0, "Vtest2": 9.5, "cool_thigh_c": 51.372263, "standoff_in": 0.233, "Imeas2": 21.554538817307698, "Imeas1": 14.670842077596156, "Vwindow": 0.2, "plate_t_c": 309.532864, "R1": 0.1205392406075335, "R2": 0.037176940073149173, "R3": 0.76321103748218055, "I": 