{"plate_q_kw": 1.324981, "fuel_scfh": 10.722312, "water_gph": 7.0, "oxygen_scfh": 19.472656, "periods": 10, "b2": -20.836091583930973, "b3": 14.846225120650624, "ratio_fto": 0.550634, "air_psig": 20.0, "Vtest1": 3.0, "Vtest2": 9.5, "cool_thigh_c": 54.948995, "standoff_in": 0.233, "Imeas2": 34.484507019471145, "Imeas1": 21.912295430048076, "Vwindow": 0.2, "plate_t_c": 295.929887, "R1": 0.12887038687674804, "R2": 0.032530917391549334, "R3": 0.44685722190855742, "I": 