{"plate_q_kw": 1.596567, "fuel_scfh": 10.652, "water_gph": 8.0, "oxygen_scfh": 19.414062, "periods": 10, "b2": -22.004108253780608, "b3": 15.545829416672831, "ratio_fto": 0.548674, "air_psig": 20.0, "Vtest1": 3.0, "Vtest2": 9.5, "cool_thigh_c": 51.981388, "standoff_in": 0.228, "Imeas2": 34.869098351442304, "Imeas1": 22.40261049741525, "Vwindow": 0.2, "plate_t_c": 398.439374, "R1": 0.11932012097966252, "R2": 0.031949832748382923, "R3": 0.45510337020379232, "I": 