{"plate_q_kw": 0.846867, "fuel_scfh": 8.191062, "water_gph": 4.0, "oxygen_scfh": 11.738281, "periods": 10, "b2": -9.2988931593946162, "b3": 8.7251535822496926, "ratio_fto": 0.697808, "air_psig": 20.0, "Vtest1": 3.0, "Vtest2": 9.5, "cool_thigh_c": 53.921809, "standoff_in": 0.228, "Imeas2": 18.132167463365384, "Imeas1": 12.016704446380597, "Vwindow": 0.2, "plate_t_c": 358.683615, "R1": 0.24206684233758169, "R2": 0.067215595545109391, "R3": 0.93229237855714331, "I": 