{"plate_q_kw": 0.853692, "fuel_scfh": 7.593406, "water_gph": 4.0, "oxygen_scfh": 12.460938, "periods": 10, "b2": -15.767647466630187, "b3": 9.3626831710470277, "ratio_fto": 0.609377, "air_psig": 20.0, "Vtest1": 3.0, "Vtest2": 9.5, "cool_thigh_c": 55.952981, "standoff_in": 0.228, "Imeas2": 18.969434489567309, "Imeas1": 13.116733366150793, "Vwindow": 0.2, "plate_t_c": 373.20695, "R1": 0.13232795405957823, "R2": 0.041438263550542885, "R3": 0.8951219443515992, "I": 