{"plate_q_kw": 1.2075, "fuel_scfh": 7.112937, "water_gph": 7.0, "oxygen_scfh": 12.890625, "periods": 10, "b2": -6.4221690063703392, "b3": 12.067177850446052, "ratio_fto": 0.551792, "air_psig": 20.0, "Vtest1": 3.0, "Vtest2": 9.5, "cool_thigh_c": 46.975561, "standoff_in": 0.228, "Imeas2": 23.548954567500001, "Imeas1": 16.925386515166668, "Vwindow": 0.2, "plate_t_c": 157.600504, "R1": 0.10405100602648511, "R2": 0.028224757482294152, "R3": 0.74476763971646853, "I": 