{"plate_q_kw": 0.86502, "fuel_scfh": 7.862937, "water_gph": 4.0, "oxygen_scfh": 12.109375, "periods": 10, "b2": -12.851504134577748, "b3": 9.0600832988849884, "ratio_fto": 0.649326, "air_psig": 20.0, "Vtest1": 3.0, "Vtest2": 9.5, "cool_thigh_c": 55.478574, "standoff_in": 0.228, "Imeas2": 18.762569289471152, "Imeas1": 12.885146230532785, "Vwindow": 0.2, "plate_t_c": 368.403337, "R1": 0.16171485338033278, "R2": 0.048605462797571899, "R3": 0.87905801034618569, "I": 