{"plate_q_kw": 1.382327, "fuel_scfh": 8.905906, "water_gph": 7.0, "oxygen_scfh": 16.113281, "periods": 10, "b2": -21.120320405929789, "b3": 12.407874080031663, "ratio_fto": 0.552706, "air_psig": 20.0, "Vtest1": 3.0, "Vtest2": 9.5, "cool_thigh_c": 51.802085, "standoff_in": 0.228, "Imeas2": 27.001842162211542, "Imeas1": 17.966144914754096, "Vwindow": 0.2, "plate_t_c": 397.30144, "R1": 0.1149544469488069, "R2": 0.032880314277029789, "R3": 0.58932189377777566, "I": 