{"plate_q_kw": 1.15, "fuel_scfh": 7.136375, "water_gph": 7.0, "oxygen_scfh": 12.929688, "periods": 10, "b2": -11.661752991014211, "b3": 8.9390812757455009, "ratio_fto": 0.551937, "air_psig": 20.0, "Vtest1": 3.0, "Vtest2": 9.5, "cool_thigh_c": 51.728745, "standoff_in": 0.228, "Imeas2": 19.721594796698113, "Imeas1": 13.9841186077459, "Vwindow": 0.2, "plate_t_c": 281.459275, "R1": 0.11379618981114881, "R2": 0.036244214010974482, "R3": 0.76115124267409651, "I": 