{"plate_q_kw": 0.921839, "fuel_scfh": 5.296531, "water_gph": 5.6, "oxygen_scfh": 9.628906, "periods": 10, "b2": -2.9336270895867269, "b3": 7.6477503111658915, "ratio_fto": 0.550066, "air_psig": 20.0, "Vtest1": 3.0, "Vtest2": 9.5, "cool_thigh_c": 47.623773, "standoff_in": 0.228, "Imeas2": 11.976711994326923, "Imeas1": 8.8442849597083342, "Vwindow": 0.2, "plate_t_c": 278.684473, "R1": 0.14160589166284634, "R2": 0.20508797318130034, "R3": 2.0660061442542172, "I": 