{"plate_q_kw": 0.812744, "fuel_scfh": 6.198875, "water_gph": 4.8, "oxygen_scfh": 11.25, "periods": 10, "b2": -10.40200442466702, "b3": 8.8170243624543616, "ratio_fto": 0.551011, "air_psig": 20.0, "Vtest1": 3.0, "Vtest2": 9.5, "cool_thigh_c": 48.869017, "standoff_in": 0.228, "Imeas2": 15.92950788423077, "Imeas1": 11.441436321428574, "Vwindow": 0.2, "plate_t_c": 309.033514, "R1": 0.11413451902522487, "R2": 0.038386455252597991, "R3": 1.2492727974623894, "I": 