{"plate_q_kw": 0.674156, "fuel_scfh": 4.37075, "water_gph": 4.2, "oxygen_scfh": 7.929688, "periods": 10, "b2": 1.1754824739614471, "b3": 5.8734476853950586, "ratio_fto": 0.551188, "air_psig": 20.0, "Vtest1": 3.0, "Vtest2": 9.5, "cool_thigh_c": 46.138448, "standoff_in": 0.228, "Imeas2": 8.4945333909615375, "Imeas1": 6.3173296553813563, "Vwindow": 0.2, "plate_t_c": 277.950993, "R1": 0.10802124416096524, "R2": 0.44852870394979444, "R3": 3.8241190454210123, "I": 