{"plate_q_kw": 1.504539, "fuel_scfh": 8.87075, "water_gph": 8.8, "oxygen_scfh": 16.132812, "periods": 10, "b2": -15.792777607134195, "b3": 13.788443809028994, "ratio_fto": 0.549858, "air_psig": 20.0, "Vtest1": 3.0, "Vtest2": 9.5, "cool_thigh_c": 52.176862, "standoff_in": 0.228, "Imeas2": 29.293904851153847, "Imeas1": 19.650250885350875, "Vwindow": 0.2, "plate_t_c": 288.446757, "R1": 0.11926290660287227, "R2": 0.034838301809262735, "R3": 0.55725238347448625, "I": 