{"plate_q_kw": 0.425651, "fuel_scfh": 3.515281, "water_gph": 2.7, "oxygen_scfh": 6.328125, "periods": 10, "b2": 2.830581834760423, "b3": 4.1649351201944702, "ratio_fto": 0.555501, "air_psig": 20.0, "Vtest1": 3.0, "Vtest2": 9.5, "cool_thigh_c": 44.678059, "standoff_in": 0.228, "Imeas2": 5.7448897104326928, "Imeas1": 4.3157191027192985, "Vwindow": 0.2, "plate_t_c": 292.434523, "R1": 0.12283170823672479, "R2": 1.5884444822820032, "R3": 8.7986929431949328, "I": 