{"plate_q_kw": 0.367056, "fuel_scfh": 2.624656, "water_gph": 2.5, "oxygen_scfh": 4.84375, "periods": 10, "b2": 0.85651890523282137, "b3": 2.4812890181609619, "ratio_fto": 0.541865, "air_psig": 20.0, "Vtest1": 3.0, "Vtest2": 9.5, "cool_thigh_c": 42.240677, "standoff_in": 0.228, "Imeas2": 3.3885785483653845, "Imeas1": 2.7097444605241927, "Vwindow": 0.2, "plate_t_c": 292.222027, "R1": 0.14092595065126032, "R2": 1.2129404498552976, "R3": 9.4746879924738785, "I": 