{"plate_q_kw": 1.290279, "fuel_scfh": 7.968406, "water_gph": 7.7, "oxygen_scfh": 14.53125, "periods": 10, "b2": -14.81786897641615, "b3": 12.139130577135443, "ratio_fto": 0.548363, "air_psig": 20.0, "Vtest1": 3.0, "Vtest2": 9.5, "cool_thigh_c": 52.437134, "standoff_in": 0.228, "Imeas2": 24.619614719567306, "Imeas1": 16.921019622767858, "Vwindow": 0.2, "plate_t_c": 282.757756, "R1": 0.11606371841820698, "R2": 0.037110920525856031, "R3": 0.68842263207076027, "I": 