{"plate_q_kw": 0.179711, "fuel_scfh": 3.527, "water_gph": 1.0, "oxygen_scfh": 6.40625, "periods": 10, "b2": 2.4372507673147066, "b3": 2.9780748028608706, "ratio_fto": 0.550556, "air_psig": 40.0, "Vtest1": 3.0, "Vtest2": 9.5, "cool_thigh_c": 40.052655, "standoff_in": 0.233, "Imeas2": 4.6133509589903854, "Imeas1": 3.6181352996634617, "Vwindow": 0.2, "plate_t_c": 129.319674, "R1": 0.13234720417037829, "R2": 2.1127531639701491, "R3": 5.0222317362404931, "I": 