{"plate_q_kw": 0.09963, "fuel_scfh": 2.624656, "water_gph": 0.5, "oxygen_scfh": 4.804688, "periods": 10, "b2": 0.96947427141485698, "b3": 1.8652883141926897, "ratio_fto": 0.54627, "air_psig": 40.0, "Vtest1": 3.0, "Vtest2": 9.5, "cool_thigh_c": 35.120457, "standoff_in": 0.233, "Imeas2": 2.9055375829326917, "Imeas1": 2.3616209307211538, "Vwindow": 0.2, "plate_t_c": 144.871775, "R1": 0.15221763255482931, "R2": 1.6270612646306377, "R3": 8.1845712252737215, "I": 