{"plate_q_kw": 0.477044, "fuel_scfh": 4.452781, "water_gph": 4.0, "oxygen_scfh": 8.066406, "periods": 10, "b2": 3.0090693243029492, "b3": 5.2065074763981576, "ratio_fto": 0.552015, "air_psig": 40.0, "Vtest1": 3.0, "Vtest2": 9.5, "cool_thigh_c": 39.899796, "standoff_in": 0.233, "Imeas2": 7.6985169786538465, "Imeas1": 5.9604941552884618, "Vwindow": 0.2, "plate_t_c": 120.787507, "R1": 0.11177935011363004, "R2": 0.92301061844558996, "R3": 3.523405018864108, "I": 