{"plate_q_kw": 0.768531, "fuel_scfh": 7.136375, "water_gph": 6.0, "oxygen_scfh": 12.851562, "periods": 10, "b2": -7.2920052276273024, "b3": 12.19795779954158, "ratio_fto": 0.555292, "air_psig": 40.0, "Vtest1": 3.0, "Vtest2": 9.5, "cool_thigh_c": 43.941179, "standoff_in": 0.233, "Imeas2": 17.496090443653845, "Imeas1": 12.740067524230769, "Vwindow": 0.2, "plate_t_c": 136.123475, "R1": 0.11970580820763485, "R2": 0.038857261447140252, "R3": 3.1018715680090834, "I": 