{"plate_q_kw": 0.355352, "fuel_scfh": 5.413719, "water_gph": 2.0, "oxygen_scfh": 9.785156, "periods": 10, "b2": -2.0289775412715949, "b3": 7.3352971345537821, "ratio_fto": 0.553258, "air_psig": 40.0, "Vtest1": 3.0, "Vtest2": 9.5, "cool_thigh_c": 46.179139, "standoff_in": 0.233, "Imeas2": 11.583070740673078, "Imeas1": 8.4678515830288461, "Vwindow": 0.2, "plate_t_c": 136.533972, "R1": 0.14483300509948402, "R2": 0.21190991861889399, "R3": 2.2841664921629721, "I": 