{"plate_q_kw": 0.943664, "fuel_scfh": 7.991844, "water_gph": 7.0, "oxygen_scfh": 14.53125, "periods": 10, "b2": -18.201196598863575, "b3": 11.394498925359986, "ratio_fto": 0.549976, "air_psig": 40.0, "Vtest1": 3.0, "Vtest2": 9.5, "cool_thigh_c": 45.189905, "standoff_in": 0.233, "Imeas2": 23.205153173798081, "Imeas1": 16.289871755961538, "Vwindow": 0.2, "plate_t_c": 147.064734, "R1": 0.11847998934995396, "R2": 0.035780946498820271, "R3": 0.71879179428958828, "I": 