{"plate_q_kw": 1.173795, "fuel_scfh": 8.905906, "water_gph": 9.0, "oxygen_scfh": 16.269531, "periods": 10, "b2": -19.076976719572343, "b3": 11.68929866537573, "ratio_fto": 0.547398, "air_psig": 40.0, "Vtest1": 3.0, "Vtest2": 9.5, "cool_thigh_c": 44.707032, "standoff_in": 0.233, "Imeas2": 27.307154083173071, "Imeas1": 18.490380868269234, "Vwindow": 0.2, "plate_t_c": 148.13429, "R1": 0.1206420246512379, "R2": 0.03539657841961652, "R3": 0.53673690588611367, "I": 