{"plate_q_kw": 0.606397, "fuel_scfh": 6.269187, "water_gph": 4.0, "oxygen_scfh": 11.308594, "periods": 10, "b2": -12.702619902599542, "b3": 8.1555192827595491, "ratio_fto": 0.554374, "air_psig": 40.0, "Vtest1": 3.0, "Vtest2": 9.5, "cool_thigh_c": 46.126062, "standoff_in": 0.233, "Imeas2": 15.240370644086537, "Imeas1": 11.068444126250002, "Vwindow": 0.2, "plate_t_c": 139.075092, "R1": 0.11606966103389982, "R2": 0.040413520902748412, "R3": 1.2136059529384422, "I": 