{"plate_q_kw": 0.65893, "fuel_scfh": 7.112937, "water_gph": 3.0, "oxygen_scfh": 12.910156, "periods": 10, "b2": -18.398262134982541, "b3": 12.269507937215099, "ratio_fto": 0.550957, "air_psig": 20.0, "Vtest1": 3.0, "Vtest2": 9.5, "cool_thigh_c": 55.876242, "standoff_in": 0.228, "Imeas2": 27.371866144519231, "Imeas1": 17.60174389826923, "Vwindow": 0.2, "plate_t_c": 307.61324, "R1": 0.10506939723261174, "R2": 0.027626683609329926, "R3": 0.59493300072848765, "I": 