{"plate_q_kw": 0.724336, "fuel_scfh": 8.87075, "water_gph": 3.0, "oxygen_scfh": 16.152344, "periods": 10, "b2": -21.397654682649943, "b3": 16.139753036137641, "ratio_fto": 0.549193, "air_psig": 20.0, "Vtest1": 3.0, "Vtest2": 9.5, "cool_thigh_c": 58.418465, "standoff_in": 0.228, "Imeas2": 38.398813436634612, "Imeas1": 24.376100807500002, "Vwindow": 0.2, "plate_t_c": 319.881931, "R1": 0.10999858526291491, "R2": 0.027115308726005084, "R3": 0.39793912803189035, "I": 