{"plate_q_kw": 0.658787, "fuel_scfh": 7.499656, "water_gph": 3.0, "oxygen_scfh": 12.519531, "periods": 10, "b2": -16.319862772672337, "b3": 12.311492233778164, "ratio_fto": 0.599037, "air_psig": 20.0, "Vtest1": 3.0, "Vtest2": 9.5, "cool_thigh_c": 55.573115, "standoff_in": 0.228, "Imeas2": 28.012083905096151, "Imeas1": 18.204240626057693, "Vwindow": 0.2, "plate_t_c": 304.829066, "R1": 0.12214377392574856, "R2": 0.034068872840073122, "R3": 0.56451131543191402, "I": 