{"plate_q_kw": 0.630916, "fuel_scfh": 7.898094, "water_gph": 3.0, "oxygen_scfh": 12.109375, "periods": 10, "b2": -13.41748923934734, "b3": 11.958087832935455, "ratio_fto": 0.65223, "air_psig": 20.0, "Vtest1": 3.0, "Vtest2": 9.5, "cool_thigh_c": 53.456729, "standoff_in": 0.228, "Imeas2": 28.04766126711538, "Imeas1": 17.778397223894228, "Vwindow": 0.2, "plate_t_c": 294.446302, "R1": 0.16246254247695732, "R2": 0.045794303409145538, "R3": 0.55409057347933188, "I": 