{"plate_q_kw": 0.933824, "fuel_scfh": 10.675437, "water_gph": 4.0, "oxygen_scfh": 19.375, "periods": 10, "b2": -20.690289122662342, "b3": 20.798843762833602, "ratio_fto": 0.55099, "air_psig": 20.0, "Vtest1": 3.0, "Vtest2": 9.5, "cool_thigh_c": 58.516414, "standoff_in": 0.228, "Imeas2": 50.89879943750001, "Imeas1": 31.800648206538462, "Vwindow": 0.2, "plate_t_c": 334.723451, "R1": 0.11827961873208766, "R2": 0.02535420292577371, "R3": 0.29633770245706886, "I": 