{"plate_q_kw": 0.610965, "fuel_scfh": 8.249656, "water_gph": 3.0, "oxygen_scfh": 11.738281, "periods": 10, "b2": -9.8604146182368648, "b3": 11.32100271789918, "ratio_fto": 0.702799, "air_psig": 20.0, "Vtest1": 3.0, "Vtest2": 9.5, "cool_thigh_c": 52.088676, "standoff_in": 0.228, "Imeas2": 27.28062664283653, "Imeas1": 16.939445260817305, "Vwindow": 0.2, "plate_t_c": 285.897426, "R1": 0.25731280504770732, "R2": 0.062291888197987547, "R3": 0.5556253033534595, "I": 