{"plate_q_kw": 1.196075, "fuel_scfh": 10.640281, "water_gph": 6.0, "oxygen_scfh": 19.394531, "periods": 10, "b2": -22.672706327843983, "b3": 15.85492993031084, "ratio_fto": 0.548623, "air_psig": 20.0, "Vtest1": 3.0, "Vtest2": 9.5, "cool_thigh_c": 53.640899, "standoff_in": 0.228, "Imeas2": 39.322721460624997, "Imeas1": 24.255420298461534, "Vwindow": 0.2, "plate_t_c": 349.210403, "R1": 0.12517095526839056, "R2": 0.030965469663087452, "R3": 0.38048394366251276, "I": 