{"plate_q_kw": 0.877489, "fuel_scfh": 8.261375, "water_gph": 6.0, "oxygen_scfh": 11.757812, "periods": 10, "b2": -11.003929406387519, "b3": 8.4118256024671627, "ratio_fto": 0.702629, "air_psig": 20.0, "Vtest1": 3.0, "Vtest2": 9.5, "cool_thigh_c": 44.352584, "standoff_in": 0.228, "Imeas2": 21.001574185144229, "Imeas1": 12.871024643365384, "Vwindow": 0.2, "plate_t_c": 263.224485, "R1": 0.27027624049273569, "R2": 0.069451955503666535, "R3": 0.71865345360667321, "I": 