{"plate_q_kw": 1.118287, "fuel_scfh": 8.882469, "water_gph": 6.0, "oxygen_scfh": 16.132812, "periods": 10, "b2": -23.344173975256922, "b3": 12.857576549445625, "ratio_fto": 0.550584, "air_psig": 20.0, "Vtest1": 3.0, "Vtest2": 9.5, "cool_thigh_c": 51.44391, "standoff_in": 0.228, "Imeas2": 30.952952144374997, "Imeas1": 19.477775721490381, "Vwindow": 0.2, "plate_t_c": 325.228326, "R1": 0.11728928212814183, "R2": 0.032323354459943825, "R3": 0.48911264249964986, "I": 