{"plate_q_kw": 0.929216, "fuel_scfh": 7.0895, "water_gph": 6.0, "oxygen_scfh": 12.890625, "periods": 10, "b2": -20.179476533720283, "b3": 9.0897495415521448, "ratio_fto": 0.549973, "air_psig": 20.0, "Vtest1": 3.0, "Vtest2": 9.5, "cool_thigh_c": 49.146955, "standoff_in": 0.228, "Imeas2": 20.54153593326923, "Imeas1": 13.395368979150943, "Vwindow": 0.2, "plate_t_c": 304.367388, "R1": 0.1133426301566466, "R2": 0.035629995503247427, "R3": 0.75370311645954158, "I": 