{"plate_q_kw": 1.063295, "fuel_scfh": 8.027, "water_gph": 6.0, "oxygen_scfh": 14.511719, "periods": 10, "b2": -21.854686659987479, "b3": 11.456910746110168, "ratio_fto": 0.553139, "air_psig": 20.0, "Vtest1": 3.0, "Vtest2": 9.5, "cool_thigh_c": 49.773687, "standoff_in": 0.228, "Imeas2": 26.329114003365383, "Imeas1": 16.852800864999999, "Vwindow": 0.2, "plate_t_c": 312.529482, "R1": 0.11528214549489568, "R2": 0.03457198520392827, "R3": 0.5894044929790383, "I": 