{"plate_q_kw": 1.153808, "fuel_scfh": 9.761375, "water_gph": 6.0, "oxygen_scfh": 17.753906, "periods": 10, "b2": -23.438972129297788, "b3": 14.376221513416695, "ratio_fto": 0.549816, "air_psig": 20.0, "Vtest1": 3.0, "Vtest2": 9.5, "cool_thigh_c": 52.386263, "standoff_in": 0.228, "Imeas2": 35.231454924375001, "Imeas1": 21.99847478134615, "Vwindow": 0.2, "plate_t_c": 340.447243, "R1": 0.12165580204995588, "R2": 0.031351611112684211, "R3": 0.42430474554513153, "I": 