{"plate_q_kw": 1.742468, "fuel_scfh": 10.722312, "water_gph": 8.0, "oxygen_scfh": 19.335938, "periods": 10, "b2": -22.904624854976262, "b3": 16.002006151393402, "ratio_fto": 0.554528, "air_psig": 20.0, "Vtest1": 3.0, "Vtest2": 9.5, "cool_thigh_c": 55.766829, "standoff_in": 0.228, "Imeas2": 34.038118164038458, "Imeas1": 22.411345948640353, "Vwindow": 0.2, "plate_t_c": 325.527288, "R1": 0.12313500727699987, "R2": 0.03140554640856482, "R3": 0.48466237654018812, "I": 