{"plate_q_kw": 1.350767, "fuel_scfh": 7.499656, "water_gph": 7.0, "oxygen_scfh": 12.519531, "periods": 10, "b2": -16.727738648619422, "b3": 9.5531951472672851, "ratio_fto": 0.599037, "air_psig": 20.0, "Vtest1": 3.0, "Vtest2": 9.5, "cool_thigh_c": 50.744731, "standoff_in": 0.228, "Imeas2": 18.905031163413462, "Imeas1": 13.254980127857143, "Vwindow": 0.2, "plate_t_c": 308.776589, "R1": 0.12747738719045876, "R2": 0.04021411460084913, "R3": 0.9308006444486101, "I": 