{"plate_q_kw": 1.361533, "fuel_scfh": 7.886375, "water_gph": 7.0, "oxygen_scfh": 12.109375, "periods": 10, "b2": -12.977880261415677, "b3": 9.4199738084504219, "ratio_fto": 0.651262, "air_psig": 20.0, "Vtest1": 3.0, "Vtest2": 9.5, "cool_thigh_c": 50.835546, "standoff_in": 0.228, "Imeas2": 18.490689603461536, "Imeas1": 12.69575618015873, "Vwindow": 0.2, "plate_t_c": 304.257859, "R1": 0.16571872697704945, "R2": 0.052718123717051681, "R3": 0.95687193716586194, "I": 