{"plate_q_kw": 1.4935, "fuel_scfh": 8.894187, "water_gph": 7.0, "oxygen_scfh": 16.191406, "periods": 10, "b2": -21.827304696404532, "b3": 12.99955923689641, "ratio_fto": 0.549315, "air_psig": 20.0, "Vtest1": 3.0, "Vtest2": 9.5, "cool_thigh_c": 54.717552, "standoff_in": 0.228, "Imeas2": 26.208738346057693, "Imeas1": 17.777594669741379, "Vwindow": 0.2, "plate_t_c": 320.423595, "R1": 0.11691069860660822, "R2": 0.034558743219920467, "R3": 0.66075230105430105, "I": 