{"plate_q_kw": 1.300423, "fuel_scfh": 7.148094, "water_gph": 7.0, "oxygen_scfh": 12.949219, "periods": 10, "b2": -16.845720785046908, "b3": 9.8193204579073612, "ratio_fto": 0.55201, "air_psig": 20.0, "Vtest1": 3.0, "Vtest2": 9.5, "cool_thigh_c": 49.427435, "standoff_in": 0.228, "Imeas2": 18.237513639086536, "Imeas1": 13.05939934614754, "Vwindow": 0.2, "plate_t_c": 309.816307, "R1": 0.11346810228786987, "R2": 0.03815944168339553, "R3": 1.000268324557491, "I": 