{"plate_q_kw": 1.334044, "fuel_scfh": 8.249656, "water_gph": 7.0, "oxygen_scfh": 11.777344, "periods": 10, "b2": -9.1800129460925071, "b3": 8.8284485554947345, "ratio_fto": 0.700468, "air_psig": 20.0, "Vtest1": 3.0, "Vtest2": 9.5, "cool_thigh_c": 50.0532, "standoff_in": 0.228, "Imeas2": 17.567239342500002, "Imeas1": 11.961080791065573, "Vwindow": 0.2, "plate_t_c": 282.211681, "R1": 0.25198984207122849, "R2": 0.075648895052446749, "R3": 1.0004567696162701, "I": 