{"plate_q_kw": 1.256999, "fuel_scfh": 8.894187, "water_gph": 6.6, "oxygen_scfh": 16.152344, "periods": 10, "b2": -24.820247441986531, "b3": 13.90880126908503, "ratio_fto": 0.550644, "air_psig": 20.0, "Vtest1": 3.0, "Vtest2": 9.5, "cool_thigh_c": 53.835007, "standoff_in": 0.228, "Imeas2": 30.923816959615387, "Imeas1": 20.328384865240384, "Vwindow": 0.2, "plate_t_c": 295.360933, "R1": 0.11490990203538842, "R2": 0.031668015639596168, "R3": 0.51087892292874881, "I": 