{"plate_q_kw": 0.334538, "fuel_scfh": 2.530906, "water_gph": 2.2, "oxygen_scfh": 4.726562, "periods": 10, "b2": 1.6638972834912984, "b3": 2.1646553002982634, "ratio_fto": 0.535464, "air_psig": 20.0, "Vtest1": 3.0, "Vtest2": 9.5, "cool_thigh_c": 42.801887, "standoff_in": 0.228, "Imeas2": 3.2950361539903841, "Imeas1": 2.579832149134615, "Vwindow": 0.2, "plate_t_c": 286.058804, "R1": 0.14164655034188189, "R2": 3.1075335048061259, "R3": 7.0500969790465984, "I": 