{"plate_q_kw": 0.954417, "fuel_scfh": 6.222312, "water_gph": 5.4, "oxygen_scfh": 11.269531, "periods": 10, "b2": -23.767049167479801, "b3": 8.6226986102590519, "ratio_fto": 0.552136, "air_psig": 20.0, "Vtest1": 3.0, "Vtest2": 9.5, "cool_thigh_c": 49.725812, "standoff_in": 0.228, "Imeas2": 17.255795921201923, "Imeas1": 11.968890217355769, "Vwindow": 0.2, "plate_t_c": 269.1376, "R1": 0.11204633161385209, "R2": 0.03658403012003178, "R3": 0.99821703134389428, "I": 