{"plate_q_kw": 0.727811, "fuel_scfh": 5.296531, "water_gph": 4.0, "oxygen_scfh": 9.648438, "periods": 10, "b2": -8.7017376308298058, "b3": 7.643379572856519, "ratio_fto": 0.548952, "air_psig": 20.0, "Vtest1": 3.0, "Vtest2": 9.5, "cool_thigh_c": 50.073526, "standoff_in": 0.228, "Imeas2": 12.819040141778848, "Imeas1": 9.2381089949519222, "Vwindow": 0.2, "plate_t_c": 303.596372, "R1": 0.13495064991819203, "R2": 0.13498134868313788, "R3": 1.712578974201078, "I": 