{"plate_q_kw": 1.301559, "fuel_scfh": 8.894187, "water_gph": 6.8, "oxygen_scfh": 16.074219, "periods": 10, "b2": -26.931214148106328, "b3": 13.812399229890172, "ratio_fto": 0.55332, "air_psig": 20.0, "Vtest1": 3.0, "Vtest2": 9.5, "cool_thigh_c": 53.982829, "standoff_in": 0.228, "Imeas2": 30.415627668125005, "Imeas1": 19.79426462028302, "Vwindow": 0.2, "plate_t_c": 288.702527, "R1": 0.11628378227539421, "R2": 0.033418876490260492, "R3": 0.52615938849847321, "I": 