{"plate_q_kw": 1.176442, "fuel_scfh": 7.101219, "water_gph": 6.6, "oxygen_scfh": 12.949219, "periods": 10, "b2": -21.558132061771104, "b3": 10.401176266384775, "ratio_fto": 0.54839, "air_psig": 20.0, "Vtest1": 3.0, "Vtest2": 9.5, "cool_thigh_c": 51.870846, "standoff_in": 0.228, "Imeas2": 20.895918788798078, "Imeas1": 14.343449765192306, "Vwindow": 0.2, "plate_t_c": 278.51655, "R1": 0.10841870871437949, "R2": 0.036323376352128817, "R3": 0.8162773892246028, "I": 