{"plate_q_kw": 0.388317, "fuel_scfh": 3.456687, "water_gph": 2.2, "oxygen_scfh": 6.347656, "periods": 10, "b2": 3.4098303618840164, "b3": 3.7409957885043097, "ratio_fto": 0.544561, "air_psig": 20.0, "Vtest1": 3.0, "Vtest2": 9.5, "cool_thigh_c": 47.593343, "standoff_in": 0.228, "Imeas2": 5.979507097548078, "Imeas1": 4.5762396296634629, "Vwindow": 0.2, "plate_t_c": 287.931904, "R1": 0.12157795803261792, "R2": 2.8168520531380836, "R3": 4.1051454559662464, "I": 