{"plate_q_kw": 0.889161, "fuel_scfh": 6.187156, "water_gph": 4.9, "oxygen_scfh": 11.25, "periods": 10, "b2": -17.036672437230784, "b3": 8.3205123340252918, "ratio_fto": 0.549969, "air_psig": 20.0, "Vtest1": 3.0, "Vtest2": 9.5, "cool_thigh_c": 50.290439, "standoff_in": 0.228, "Imeas2": 17.074386811490385, "Imeas1": 12.043110448846154, "Vwindow": 0.2, "plate_t_c": 266.512818, "R1": 0.11270360870652742, "R2": 0.035713570183116133, "R3": 0.97208837722752539, "I": 