{"plate_q_kw": 0.703922, "fuel_scfh": 5.319969, "water_gph": 4.0, "oxygen_scfh": 9.707031, "periods": 10, "b2": -20.529955815869847, "b3": 6.591730457940697, "ratio_fto": 0.548053, "air_psig": 20.0, "Vtest1": 3.0, "Vtest2": 9.5, "cool_thigh_c": 48.951602, "standoff_in": 0.228, "Imeas2": 13.091227592115381, "Imeas1": 9.2141849301442296, "Vwindow": 0.2, "plate_t_c": 294.553727, "R1": 0.11995706108111273, "R2": 0.038588640781194908, "R3": 1.3149115756373966, "I": 