{"plate_q_kw": 0.973817, "fuel_scfh": 7.112937, "water_gph": 5.7, "oxygen_scfh": 12.929688, "periods": 10, "b2": -23.274390812459885, "b3": 10.378659814361232, "ratio_fto": 0.550124, "air_psig": 20.0, "Vtest1": 3.0, "Vtest2": 9.5, "cool_thigh_c": 52.410202, "standoff_in": 0.228, "Imeas2": 21.057084384375003, "Imeas1": 14.486149794245284, "Vwindow": 0.2, "plate_t_c": 261.072479, "R1": 0.11071009279448632, "R2": 0.035058177520644725, "R3": 0.80211097693846978, "I": 