{"plate_q_kw": 1.201934, "fuel_scfh": 8.015281, "water_gph": 6.5, "oxygen_scfh": 14.53125, "periods": 10, "b2": -26.607503105485172, "b3": 11.984387600054362, "ratio_fto": 0.551589, "air_psig": 20.0, "Vtest1": 3.0, "Vtest2": 9.5, "cool_thigh_c": 53.425923, "standoff_in": 0.228, "Imeas2": 25.91477487057692, "Imeas1": 17.227393849716979, "Vwindow": 0.2, "plate_t_c": 279.600144, "R1": 0.1130801374022639, "R2": 0.032026479163451887, "R3": 0.61971452456654774, "I": 