{"plate_q_kw": 0.158676, "fuel_scfh": 2.648094, "water_gph": 0.8, "oxygen_scfh": 4.726562, "periods": 10, "b2": 1.6392588010091866, "b3": 2.9627368168385102, "ratio_fto": 0.560258, "air_psig": 20.0, "Vtest1": 3.0, "Vtest2": 9.5, "cool_thigh_c": 44.227388, "standoff_in": 0.228, "Imeas2": 4.0401452398557698, "Imeas1": 3.2514855599999999, "Vwindow": 0.2, "plate_t_c": 298.777852, "R1": 0.13816668567467691, "R2": 1.7392450598384861, "R3": 7.6821603307218744, "I": 