{"plate_q_kw": 0.480076, "fuel_scfh": 4.405906, "water_gph": 2.6, "oxygen_scfh": 7.96875, "periods": 10, "b2": 0.13258603952158654, "b3": 6.697602566942459, "ratio_fto": 0.552898, "air_psig": 20.0, "Vtest1": 3.0, "Vtest2": 9.5, "cool_thigh_c": 49.491668, "standoff_in": 0.228, "Imeas2": 9.2684718389903846, "Imeas1": 6.9330138945192337, "Vwindow": 0.2, "plate_t_c": 295.154566, "R1": 0.10686024142288585, "R2": 0.40717971036355449, "R3": 4.081726709469125, "I": 