{"plate_q_kw": 1.215465, "fuel_scfh": 8.003562, "water_gph": 6.6, "oxygen_scfh": 14.492188, "periods": 10, "b2": -22.488180324287057, "b3": 12.262275671616864, "ratio_fto": 0.552267, "air_psig": 20.0, "Vtest1": 3.0, "Vtest2": 9.5, "cool_thigh_c": 52.890374, "standoff_in": 0.228, "Imeas2": 26.021195308846153, "Imeas1": 17.520471300624997, "Vwindow": 0.2, "plate_t_c": 284.967147, "R1": 0.11290211892116528, "R2": 0.034422670810634909, "R3": 0.63054239299088666, "I": 