{"plate_q_kw": 0.534369, "fuel_scfh": 4.382469, "water_gph": 3.0, "oxygen_scfh": 7.988281, "periods": 10, "b2": 2.5421650452263229, "b3": 6.130145691776967, "ratio_fto": 0.548612, "air_psig": 20.0, "Vtest1": 3.0, "Vtest2": 9.5, "cool_thigh_c": 48.949644, "standoff_in": 0.228, "Imeas2": 9.3744320870673068, "Imeas1": 6.9984914832211542, "Vwindow": 0.2, "plate_t_c": 283.312639, "R1": 0.1055429621142665, "R2": 0.66685266949304711, "R3": 2.6940131516219621, "I": 