{"plate_q_kw": 0.423902, "fuel_scfh": 3.491844, "water_gph": 2.5, "oxygen_scfh": 6.425781, "periods": 10, "b2": 3.2917941068245762, "b3": 4.3716471797785719, "ratio_fto": 0.543412, "air_psig": 20.0, "Vtest1": 3.0, "Vtest2": 9.5, "cool_thigh_c": 47.035923, "standoff_in": 0.228, "Imeas2": 6.2000192669230785, "Imeas1": 4.7380212393269234, "Vwindow": 0.2, "plate_t_c": 271.711542, "R1": 0.11956806572460313, "R2": 2.1359769151377304, "R3": 5.0746318104481567, "I": 