{"plate_q_kw": 0.198722, "fuel_scfh": 2.812156, "water_gph": 1.1, "oxygen_scfh": 5.136719, "periods": 10, "b2": 0.42889603751538974, "b3": 2.7076403147332941, "ratio_fto": 0.547462, "air_psig": 20.0, "Vtest1": 3.0, "Vtest2": 9.5, "cool_thigh_c": 45.460664, "standoff_in": 0.233, "Imeas2": 3.1717445024999993, "Imeas1": 2.3565357112053573, "Vwindow": 0.2, "plate_t_c": 308.710318, "R1": 0.15174662578880804, "R2": 1.4385020164028219, "R3": 50.699309562398014, "I": 