{"plate_q_kw": 0.119787, "fuel_scfh": 2.109031, "water_gph": 0.8, "oxygen_scfh": 3.828125, "periods": 10, "b2": -0.045405349530632702, "b3": 1.7364385813119161, "ratio_fto": 0.550931, "air_psig": 20.0, "Vtest1": 3.0, "Vtest2": 9.5, "cool_thigh_c": 38.631555, "standoff_in": 0.233, "Imeas2": 2.413911740336538, "Imeas1": 1.9764909418303571, "Vwindow": 0.2, "plate_t_c": 255.576731, "R1": 0.16736920239286893, "R2": 1.1140066963457909, "R3": 13.738247856382504, "I": 