{"plate_q_kw": 1.046161, "fuel_scfh": 7.136375, "water_gph": 6.5, "oxygen_scfh": 12.890625, "periods": 10, "b2": -21.890619179647636, "b3": 13.267843109294944, "ratio_fto": 0.55361, "air_psig": 20.0, "Vtest1": 3.0, "Vtest2": 9.5, "cool_thigh_c": 49.436023, "standoff_in": 0.233, "Imeas2": 19.240703986682689, "Imeas1": 13.057492447163462, "Vwindow": 0.2, "plate_t_c": 301.960877, "R1": 0.11448322745183478, "R2": 0.03851121059940104, "R3": 2.14595990685961, "I": 