{"plate_q_kw": 0.222999, "fuel_scfh": 3.491844, "water_gph": 1.2, "oxygen_scfh": 6.347656, "periods": 10, "b2": 0.64657904275916622, "b3": 3.4878828320040673, "ratio_fto": 0.5501, "air_psig": 20.0, "Vtest1": 3.0, "Vtest2": 9.5, "cool_thigh_c": 48.324178, "standoff_in": 0.233, "Imeas2": 4.4350078421634622, "Imeas1": 3.3514350417857139, "Vwindow": 0.2, "plate_t_c": 295.389611, "R1": 0.13979539991066403, "R2": 1.0005537304743062, "R3": 21.777699071197738, "I": 