{"plate_q_kw": 0.993767, "fuel_scfh": 7.112937, "water_gph": 7.0, "oxygen_scfh": 12.910156, "periods": 10, "b2": -12.108824062321709, "b3": 12.119949918931411, "ratio_fto": 0.550957, "air_psig": 35.0, "Vtest1": 3.0, "Vtest2": 9.5, "cool_thigh_c": 48.764954, "standoff_in": 0.233, "Imeas2": 17.746348472115383, "Imeas1": 12.949382217692305, "Vwindow": 0.2, "plate_t_c": 110.3015, "R1": 0.11585154661407381, "R2": 0.039098186332369785, "R3": 1.9043707332660165, "I": 