{"plate_q_kw": 0.375751, "fuel_scfh": 5.296531, "water_gph": 2.1, "oxygen_scfh": 9.667969, "periods": 10, "b2": -2.6676209321305944, "b3": 6.8877246265539824, "ratio_fto": 0.547843, "air_psig": 35.0, "Vtest1": 3.0, "Vtest2": 9.5, "cool_thigh_c": 49.200836, "standoff_in": 0.233, "Imeas2": 10.343730009519231, "Imeas1": 7.551301747788461, "Vwindow": 0.2, "plate_t_c": 144.649719, "R1": 0.10398042825692407, "R2": 0.24516058305462615, "R3": 2.5877609156306867, "I": 