{"plate_q_kw": 0.149339, "fuel_scfh": 3.480125, "water_gph": 0.8, "oxygen_scfh": 6.347656, "periods": 10, "b2": 2.028945749105473, "b3": 3.1983144025524277, "ratio_fto": 0.548254, "air_psig": 35.0, "Vtest1": 3.0, "Vtest2": 9.5, "cool_thigh_c": 41.431064, "standoff_in": 0.233, "Imeas2": 4.4235103688461548, "Imeas1": 3.2697349166346146, "Vwindow": 0.2, "plate_t_c": 147.04742, "R1": 0.13477249321268978, "R2": 1.5010900234929554, "R3": 7.6290333877758369, "I": 