{"plate_q_kw": 1.221206, "fuel_scfh": 10.663719, "water_gph": 5.5, "oxygen_scfh": 19.355469, "periods": 10, "b2": -15.010254567564807, "b3": 14.541529108009033, "ratio_fto": 0.550941, "air_psig": 20.0, "Vtest1": 3.0, "Vtest2": 9.5, "cool_thigh_c": 58.244941, "standoff_in": 0.228, "Imeas2": 31.431389751586536, "Imeas1": 21.045276234134612, "Vwindow": 0.2, "plate_t_c": 264.083063, "R1": 0.13063476763933446, "R2": 0.033799474611893726, "R3": 0.51099065706004543, "I": 