{"plate_q_kw": 1.086277, "fuel_scfh": 7.991844, "water_gph": 5.5, "oxygen_scfh": 14.550781, "periods": 10, "b2": -12.140100915813957, "b3": 10.525814084654831, "ratio_fto": 0.549238, "air_psig": 20.0, "Vtest1": 3.0, "Vtest2": 9.5, "cool_thigh_c": 53.231274, "standoff_in": 0.228, "Imeas2": 20.98562480860577, "Imeas1": 14.816520913990386, "Vwindow": 0.2, "plate_t_c": 230.516977, "R1": 0.12139882890256233, "R2": 0.038732033964439971, "R3": 0.8248406549574786, "I": 