{"plate_q_kw": 0.976852, "fuel_scfh": 8.273094, "water_gph": 5.5, "oxygen_scfh": 11.757812, "periods": 10, "b2": -6.0196999815633845, "b3": 8.2393050229306084, "ratio_fto": 0.703625, "air_psig": 20.0, "Vtest1": 3.0, "Vtest2": 9.5, "cool_thigh_c": 48.93928, "standoff_in": 0.228, "Imeas2": 16.415460960384614, "Imeas1": 11.27132052591346, "Vwindow": 0.2, "plate_t_c": 190.10008, "R1": 0.27902678905033901, "R2": 0.078427232105126601, "R3": 1.0798738719805339, "I": 