{"plate_q_kw": 1.018047, "fuel_scfh": 7.0895, "water_gph": 5.5, "oxygen_scfh": 12.910156, "periods": 10, "b2": -10.966821738471271, "b3": 8.9333741338691208, "ratio_fto": 0.549141, "air_psig": 20.0, "Vtest1": 3.0, "Vtest2": 9.5, "cool_thigh_c": 51.065194, "standoff_in": 0.228, "Imeas2": 17.123610657355769, "Imeas1": 12.326338094903848, "Vwindow": 0.2, "plate_t_c": 225.794462, "R1": 0.1199167582494305, "R2": 0.042402093232031861, "R3": 1.0474357571997663, "I": 