{"plate_q_kw": 1.190056, "fuel_scfh": 9.80825, "water_gph": 5.5, "oxygen_scfh": 17.773438, "periods": 10, "b2": -14.13257726249979, "b3": 13.442757356959092, "ratio_fto": 0.551849, "air_psig": 20.0, "Vtest1": 3.0, "Vtest2": 9.5, "cool_thigh_c": 57.15206, "standoff_in": 0.228, "Imeas2": 28.297308621249996, "Imeas1": 19.12186181125, "Vwindow": 0.2, "plate_t_c": 256.824593, "R1": 0.12786101082215273, "R2": 0.035881704807099297, "R3": 0.58749694917086903, "I": 