{"plate_q_kw": 1.149574, "fuel_scfh": 8.882469, "water_gph": 5.5, "oxygen_scfh": 16.210938, "periods": 10, "b2": -13.163979865247617, "b3": 12.029176284264928, "ratio_fto": 0.547931, "air_psig": 20.0, "Vtest1": 3.0, "Vtest2": 9.5, "cool_thigh_c": 55.205371, "standoff_in": 0.228, "Imeas2": 24.710086266730773, "Imeas1": 17.05107827533654, "Vwindow": 0.2, "plate_t_c": 243.116414, "R1": 0.12319389211172137, "R2": 0.0353259899304657, "R3": 0.67525565326608905, "I": 